{
	"netherland" : {
			"cache-01" : 268.7630177,
			"cache-02" : 269.7199821,
			"cache-03" : 268.6082363,
			"cache-04" : 10.84537506,
			"cache-05" : 11.21754646,
			"cache-06" : 112.9281521,
			"cache-07" : 114.5496368,
			"cache-08" : 114.3857479
		    },
	"ireland" : {
			"cache-01" : 266.7210579,
			"cache-02" : 267.181921,
			"cache-03" : 267.982769,
			"cache-04" : 16.74280167,
			"cache-05" : 16.83225632,
			"cache-06" : 110.6915474,
			"cache-07" : 109.8679543,
			"cache-08" : 110.8602524
		    },
	"virginia" : {
			"cache-01" : 189.7062302,
			"cache-02" : 189.8187637,
			"cache-03" : 192.2855854,
			"cache-04" : 88.72570992,
			"cache-05" : 88.75060081,
			"cache-06" : 29.98847961,
			"cache-07" : 32.46564865,
			"cache-08" : 31.80093765
		    },
	"iowa" : {
			"cache-01" : 180.5847645,
			"cache-02" : 180.2202702,
			"cache-03" : 181.0973644,
			"cache-04" : 130.0318718,
			"cache-05" : 128.775835,
			"cache-06" : 57.30872154,
			"cache-07" : 48.86898994,
			"cache-08" : 53.89723778
		    },
	"texas" : {
			"cache-01" : 168.6065674,
			"cache-02" : 169.2830086,
			"cache-03" : 169.2718029,
			"cache-04" : 116.6113853,
			"cache-05" : 116.9462204,
			"cache-06" : 36.36236191,
			"cache-07" : 37.31322289,
			"cache-08" : 38.84119987
		    },
	"california" : {
			"cache-01" : 144.6097851,
			"cache-02" : 143.3233261,
			"cache-03" : 143.339777,
			"cache-04" : 147.7826118,
			"cache-05" : 147.4314213,
			"cache-06" : 60.07518768,
			"cache-07" : 62.2235775,
			"cache-08" : 70.4890728
		    },
	"hongkong" : {
			"cache-01" : 90.84801674,
			"cache-02" : 90.96431732,
			"cache-03" : 90.4999733,
			"cache-04" : 306.6493988,
			"cache-05" : 306.3878059,
			"cache-06" : 220.4385757,
			"cache-07" : 219.6939468,
			"cache-08" : 219.2977428
		    },
	"singapore" : {
			"cache-01" : 82.50641823,
			"cache-02" : 82.8248024,
			"cache-03" : 82.43761063,
			"cache-04" : 295.6635952,
			"cache-05" : 295.906496,
			"cache-06" : 199.54319,
			"cache-07" : 199.3283749,
			"cache-08" : 200.0984669
		    },
	"japan" : {
			"cache-01" : 47.46818542,
			"cache-02" : 47.4943161,
			"cache-03" : 47.57804871,
			"cache-04" : 238.1896019,
			"cache-05" : 238.1637573,
			"cache-06" : 142.1309948,
			"cache-07" : 142.1477795,
			"cache-08" : 142.5139904
		    }
}
