{
    "0": {
        "Buffer": 4.955327987670898, 
        "Freezing": 0, 
        "QoE": 2.969745844265475, 
        "Representation": "1"
    }, 
    "1": {
        "Buffer": 9.779308080673218, 
        "Freezing": 0, 
        "QoE": 4.9999536060530145, 
        "Representation": "6"
    }, 
    "2": {
        "Buffer": 14.639203071594238, 
        "Freezing": 0, 
        "QoE": 4.9999536060530145, 
        "Representation": "6"
    }, 
    "3": {
        "Buffer": 19.55648708343506, 
        "Freezing": 0, 
        "QoE": 4.9999536060530145, 
        "Representation": "6"
    }, 
    "4": {
        "Buffer": 24.399447917938232, 
        "Freezing": 0, 
        "QoE": 4.9999536060530145, 
        "Representation": "6"
    }, 
    "5": {
        "Buffer": 29.31775999069214, 
        "Freezing": 0, 
        "QoE": 4.9999536060530145, 
        "Representation": "6"
    }, 
    "6": {
        "Buffer": 29.10972309112549, 
        "Freezing": 0, 
        "QoE": 4.9999536060530145, 
        "Representation": "6"
    }, 
    "7": {
        "Buffer": 28.963862895965576, 
        "Freezing": 0, 
        "QoE": 4.9999536060530145, 
        "Representation": "6"
    }, 
    "8": {
        "Buffer": 28.843470096588135, 
        "Freezing": 0, 
        "QoE": 4.9999536060530145, 
        "Representation": "6"
    }, 
    "9": {
        "Buffer": 28.813844919204712, 
        "Freezing": 0, 
        "QoE": 4.9999536060530145, 
        "Representation": "6"
    }
}