{
    "0": {
        "Buffer": 0, 
        "Freezing": 22.96533203125, 
        "QoE": 2.565069765628146, 
        "Representation": "6"
    }, 
    "1": {
        "Buffer": 2.2467241287231445, 
        "Freezing": 0, 
        "QoE": 3.7142753922958525, 
        "Representation": "2"
    }, 
    "2": {
        "Buffer": 5.987773180007935, 
        "Freezing": 0, 
        "QoE": 2.969745844265475, 
        "Representation": "1"
    }, 
    "3": {
        "Buffer": 9.13243818283081, 
        "Freezing": 0, 
        "QoE": 3.7142753922958525, 
        "Representation": "2"
    }, 
    "4": {
        "Buffer": 11.631452083587646, 
        "Freezing": 0, 
        "QoE": 4.060461917522065, 
        "Representation": "3"
    }, 
    "5": {
        "Buffer": 13.838114023208618, 
        "Freezing": 0, 
        "QoE": 4.060461917522065, 
        "Representation": "3"
    }, 
    "6": {
        "Buffer": 16.76305317878723, 
        "Freezing": 0, 
        "QoE": 4.060461917522065, 
        "Representation": "3"
    }, 
    "7": {
        "Buffer": 20.407204151153564, 
        "Freezing": 0, 
        "QoE": 4.060461917522065, 
        "Representation": "3"
    }, 
    "8": {
        "Buffer": 24.246010065078735, 
        "Freezing": 0, 
        "QoE": 4.060461917522065, 
        "Representation": "3"
    }, 
    "9": {
        "Buffer": 28.435707092285156, 
        "Freezing": 0, 
        "QoE": 3.7142753922958525, 
        "Representation": "2"
    }
}