{
    "0": {
        "Buffer": 3.5985779762268066, 
        "Freezing": 0, 
        "QoE": 2.5, 
        "Representation": "1"
    }, 
    "1": {
        "Buffer": 4.88798713684082, 
        "Freezing": 0, 
        "QoE": 3.43949168853095, 
        "Representation": "3"
    }, 
    "2": {
        "Buffer": 6.681324005126953, 
        "Freezing": 0, 
        "QoE": 2.969745844265475, 
        "Representation": "2"
    }, 
    "3": {
        "Buffer": 9.048911094665527, 
        "Freezing": 0, 
        "QoE": 2.969745844265475, 
        "Representation": "2"
    }, 
    "4": {
        "Buffer": 10.770331144332886, 
        "Freezing": 0, 
        "QoE": 2.969745844265475, 
        "Representation": "2"
    }, 
    "5": {
        "Buffer": 11.627488136291504, 
        "Freezing": 0, 
        "QoE": 2.969745844265475, 
        "Representation": "2"
    }, 
    "6": {
        "Buffer": 12.913783073425293, 
        "Freezing": 0, 
        "QoE": 2.969745844265475, 
        "Representation": "2"
    }, 
    "7": {
        "Buffer": 15.178318977355957, 
        "Freezing": 0, 
        "QoE": 2.969745844265475, 
        "Representation": "2"
    }, 
    "8": {
        "Buffer": 14.439468145370483, 
        "Freezing": 0, 
        "QoE": 3.43949168853095, 
        "Representation": "3"
    }, 
    "9": {
        "Buffer": 15.939888954162598, 
        "Freezing": 0, 
        "QoE": 2.5, 
        "Representation": "1"
    }, 
    "10": {
        "Buffer": 16.30130696296692, 
        "Freezing": 0, 
        "QoE": 2.969745844265475, 
        "Representation": "2"
    }, 
    "11": {
        "Buffer": 17.63620400428772, 
        "Freezing": 0, 
        "QoE": 2.969745844265475, 
        "Representation": "2"
    }, 
    "12": {
        "Buffer": 18.946479082107544, 
        "Freezing": 0, 
        "QoE": 2.969745844265475, 
        "Representation": "2"
    }, 
    "13": {
        "Buffer": 18.36424708366394, 
        "Freezing": 0, 
        "QoE": 2.969745844265475, 
        "Representation": "2"
    }, 
    "14": {
        "Buffer": 19.214306116104126, 
        "Freezing": 0, 
        "QoE": 2.969745844265475, 
        "Representation": "2"
    }, 
    "15": {
        "Buffer": 18.1515851020813, 
        "Freezing": 0, 
        "QoE": 2.969745844265475, 
        "Representation": "2"
    }, 
    "16": {
        "Buffer": 18.89515209197998, 
        "Freezing": 0, 
        "QoE": 3.43949168853095, 
        "Representation": "3"
    }, 
    "17": {
        "Buffer": 20.358720064163208, 
        "Freezing": 0, 
        "QoE": 2.969745844265475, 
        "Representation": "2"
    }, 
    "18": {
        "Buffer": 21.64270305633545, 
        "Freezing": 0, 
        "QoE": 2.969745844265475, 
        "Representation": "2"
    }, 
    "19": {
        "Buffer": 22.759435176849365, 
        "Freezing": 0, 
        "QoE": 2.969745844265475, 
        "Representation": "2"
    }, 
    "20": {
        "Buffer": 23.577653169631958, 
        "Freezing": 0, 
        "QoE": 2.969745844265475, 
        "Representation": "2"
    }, 
    "21": {
        "Buffer": 27.276276111602783, 
        "Freezing": 0, 
        "QoE": 2.969745844265475, 
        "Representation": "2"
    }, 
    "22": {
        "Buffer": 23.878093004226685, 
        "Freezing": 0, 
        "QoE": 4.060461917522065, 
        "Representation": "5"
    }, 
    "23": {
        "Buffer": 18.522281169891357, 
        "Freezing": 0, 
        "QoE": 4.288489152280261, 
        "Representation": "6"
    }, 
    "24": {
        "Buffer": 20.343079090118408, 
        "Freezing": 0, 
        "QoE": 4.060461917522065, 
        "Representation": "5"
    }, 
    "25": {
        "Buffer": 19.256618976593018, 
        "Freezing": 0, 
        "QoE": 4.288489152280261, 
        "Representation": "6"
    }, 
    "26": {
        "Buffer": 22.338139057159424, 
        "Freezing": 0, 
        "QoE": 3.7142753922958525, 
        "Representation": "4"
    }, 
    "27": {
        "Buffer": 24.02350616455078, 
        "Freezing": 0, 
        "QoE": 4.060461917522065, 
        "Representation": "5"
    }, 
    "28": {
        "Buffer": 26.50313711166382, 
        "Freezing": 0, 
        "QoE": 4.060461917522065, 
        "Representation": "5"
    }, 
    "29": {
        "Buffer": 19.478429079055786, 
        "Freezing": 0, 
        "QoE": 4.288489152280261, 
        "Representation": "6"
    }, 
    "30": {
        "Buffer": 21.85182499885559, 
        "Freezing": 0, 
        "QoE": 3.7142753922958525, 
        "Representation": "4"
    }, 
    "31": {
        "Buffer": 24.387913942337036, 
        "Freezing": 0, 
        "QoE": 4.060461917522065, 
        "Representation": "5"
    }, 
    "32": {
        "Buffer": 24.9638991355896, 
        "Freezing": 0, 
        "QoE": 4.060461917522065, 
        "Representation": "5"
    }, 
    "33": {
        "Buffer": 26.150213956832886, 
        "Freezing": 0, 
        "QoE": 4.060461917522065, 
        "Representation": "5"
    }, 
    "34": {
        "Buffer": 23.859323978424072, 
        "Freezing": 0, 
        "QoE": 4.060461917522065, 
        "Representation": "5"
    }, 
    "35": {
        "Buffer": 26.397114992141724, 
        "Freezing": 0, 
        "QoE": 3.7142753922958525, 
        "Representation": "4"
    }, 
    "36": {
        "Buffer": 18.4258451461792, 
        "Freezing": 0, 
        "QoE": 4.288489152280261, 
        "Representation": "6"
    }, 
    "37": {
        "Buffer": 18.00693106651306, 
        "Freezing": 0, 
        "QoE": 4.060461917522065, 
        "Representation": "5"
    }, 
    "38": {
        "Buffer": 20.817924976348877, 
        "Freezing": 0, 
        "QoE": 3.7142753922958525, 
        "Representation": "4"
    }, 
    "39": {
        "Buffer": 23.329538106918335, 
        "Freezing": 0, 
        "QoE": 4.060461917522065, 
        "Representation": "5"
    }, 
    "40": {
        "Buffer": 24.46609401702881, 
        "Freezing": 0, 
        "QoE": 4.288489152280261, 
        "Representation": "6"
    }, 
    "41": {
        "Buffer": 24.738584995269775, 
        "Freezing": 0, 
        "QoE": 4.060461917522065, 
        "Representation": "5"
    }, 
    "42": {
        "Buffer": 21.356351137161255, 
        "Freezing": 0, 
        "QoE": 3.7142753922958525, 
        "Representation": "4"
    }, 
    "43": {
        "Buffer": 23.76533317565918, 
        "Freezing": 0, 
        "QoE": 3.43949168853095, 
        "Representation": "3"
    }, 
    "44": {
        "Buffer": 26.645554065704346, 
        "Freezing": 0, 
        "QoE": 3.43949168853095, 
        "Representation": "3"
    }, 
    "45": {
        "Buffer": 21.982578992843628, 
        "Freezing": 0, 
        "QoE": 3.7142753922958525, 
        "Representation": "4"
    }, 
    "46": {
        "Buffer": 24.402960062026978, 
        "Freezing": 0, 
        "QoE": 3.7142753922958525, 
        "Representation": "4"
    }, 
    "47": {
        "Buffer": 27.68634796142578, 
        "Freezing": 0, 
        "QoE": 3.7142753922958525, 
        "Representation": "4"
    }, 
    "48": {
        "Buffer": 22.107872009277344, 
        "Freezing": 0, 
        "QoE": 4.060461917522065, 
        "Representation": "5"
    }, 
    "49": {
        "Buffer": 24.470415115356445, 
        "Freezing": 0, 
        "QoE": 4.060461917522065, 
        "Representation": "5"
    }, 
    "50": {
        "Buffer": 26.2764151096344, 
        "Freezing": 0, 
        "QoE": 4.288489152280261, 
        "Representation": "6"
    }, 
    "51": {
        "Buffer": 17.382078170776367, 
        "Freezing": 0, 
        "QoE": 4.288489152280261, 
        "Representation": "6"
    }, 
    "52": {
        "Buffer": 18.63123917579651, 
        "Freezing": 0, 
        "QoE": 3.7142753922958525, 
        "Representation": "4"
    }, 
    "53": {
        "Buffer": 21.20993399620056, 
        "Freezing": 0, 
        "QoE": 3.7142753922958525, 
        "Representation": "4"
    }, 
    "54": {
        "Buffer": 23.015480995178223,