{
    "0": {
        "Buffer": 4.127097129821777, 
        "Freezing": 0, 
        "QoE": 2.5, 
        "Representation": "1"
    }, 
    "1": {
        "Buffer": 7.489886999130249, 
        "Freezing": 0, 
        "QoE": 3.7142753922958525, 
        "Representation": "4"
    }, 
    "2": {
        "Buffer": 11.025139093399048, 
        "Freezing": 0, 
        "QoE": 3.7142753922958525, 
        "Representation": "4"
    }, 
    "3": {
        "Buffer": 14.775547981262207, 
        "Freezing": 0, 
        "QoE": 4.060461917522065, 
        "Representation": "5"
    }, 
    "4": {
        "Buffer": 17.84251308441162, 
        "Freezing": 0, 
        "QoE": 4.060461917522065, 
        "Representation": "5"
    }, 
    "5": {
        "Buffer": 20.540169954299927, 
        "Freezing": 0, 
        "QoE": 4.495446296181097, 
        "Representation": "7"
    }, 
    "6": {
        "Buffer": 22.0956289768219, 
        "Freezing": 0, 
        "QoE": 4.9999536060530145, 
        "Representation": "9"
    }, 
    "7": {
        "Buffer": 25.260672092437744, 
        "Freezing": 0, 
        "QoE": 4.9999536060530145, 
        "Representation": "9"
    }, 
    "8": {
        "Buffer": 20.156157970428467, 
        "Freezing": 0, 
        "QoE": 4.804991465552442, 
        "Representation": "8"
    }, 
    "9": {
        "Buffer": 20.978579998016357, 
        "Freezing": 0, 
        "QoE": 4.060461917522065, 
        "Representation": "5"
    }, 
    "10": {
        "Buffer": 23.72331714630127, 
        "Freezing": 0, 
        "QoE": 4.060461917522065, 
        "Representation": "5"
    }, 
    "11": {
        "Buffer": 27.236040115356445, 
        "Freezing": 0, 
        "QoE": 4.288489152280261, 
        "Representation": "6"
    }, 
    "12": {
        "Buffer": 24.221866130828857, 
        "Freezing": 0, 
        "QoE": 4.495446296181097, 
        "Representation": "7"
    }, 
    "13": {
        "Buffer": 26.151132106781006, 
        "Freezing": 0, 
        "QoE": 4.288489152280261, 
        "Representation": "6"
    }, 
    "14": {
        "Buffer": 20.688131093978882, 
        "Freezing": 0, 
        "QoE": 4.495446296181097, 
        "Representation": "7"
    }, 
    "15": {
        "Buffer": 22.275504112243652, 
        "Freezing": 0, 
        "QoE": 4.060461917522065, 
        "Representation": "5"
    }, 
    "16": {
        "Buffer": 23.598572969436646, 
        "Freezing": 0, 
        "QoE": 4.495446296181097, 
        "Representation": "7"
    }, 
    "17": {
        "Buffer": 27.381071090698242, 
        "Freezing": 0, 
        "QoE": 4.288489152280261, 
        "Representation": "6"
    }, 
    "18": {
        "Buffer": 25.429203033447266, 
        "Freezing": 0, 
        "QoE": 4.495446296181097, 
        "Representation": "7"
    }, 
    "19": {
        "Buffer": 22.844781160354614, 
        "Freezing": 0, 
        "QoE": 4.804991465552442, 
        "Representation": "8"
    }, 
    "20": {
        "Buffer": 19.199555158615112, 
        "Freezing": 0, 
        "QoE": 4.804991465552442, 
        "Representation": "8"
    }, 
    "21": {
        "Buffer": 22.086755990982056, 
        "Freezing": 0, 
        "QoE": 4.060461917522065, 
        "Representation": "5"
    }, 
    "22": {
        "Buffer": 22.75473713874817, 
        "Freezing": 0, 
        "QoE": 4.288489152280261, 
        "Representation": "6"
    }, 
    "23": {
        "Buffer": 25.046921968460083, 
        "Freezing": 0, 
        "QoE": 4.288489152280261, 
        "Representation": "6"
    }, 
    "24": {
        "Buffer": 17.7167751789093, 
        "Freezing": 0, 
        "QoE": 4.804991465552442, 
        "Representation": "8"
    }, 
    "25": {
        "Buffer": 20.329809188842773, 
        "Freezing": 0, 
        "QoE": 4.288489152280261, 
        "Representation": "6"
    }, 
    "26": {
        "Buffer": 21.38787317276001, 
        "Freezing": 0, 
        "QoE": 4.495446296181097, 
        "Representation": "7"
    }, 
    "27": {
        "Buffer": 23.03733515739441, 
        "Freezing": 0, 
        "QoE": 4.495446296181097, 
        "Representation": "7"
    }, 
    "28": {
        "Buffer": 23.585941076278687, 
        "Freezing": 0, 
        "QoE": 4.495446296181097, 
        "Representation": "7"
    }, 
    "29": {
        "Buffer": 26.329301118850708, 
        "Freezing": 0, 
        "QoE": 4.495446296181097, 
        "Representation": "7"
    }, 
    "30": {
        "Buffer": 19.89600706100464, 
        "Freezing": 0, 
        "QoE": 4.804991465552442, 
        "Representation": "8"
    }, 
    "31": {
        "Buffer": 22.974282026290894, 
        "Freezing": 0, 
        "QoE": 4.288489152280261, 
        "Representation": "6"
    }, 
    "32": {
        "Buffer": 20.927183151245117, 
        "Freezing": 0, 
        "QoE": 4.495446296181097, 
        "Representation": "7"
    }, 
    "33": {
        "Buffer": 22.007135152816772, 
        "Freezing": 0, 
        "QoE": 4.288489152280261, 
        "Representation": "6"
    }, 
    "34": {
        "Buffer": 25.221636056900024, 
        "Freezing": 0, 
        "QoE": 4.288489152280261, 
        "Representation": "6"
    }, 
    "35": {
        "Buffer": 22.796022176742554, 
        "Freezing": 0, 
        "QoE": 4.288489152280261, 
        "Representation": "6"
    }, 
    "36": {
        "Buffer": 20.053152084350586, 
        "Freezing": 0, 
        "QoE": 4.804991465552442, 
        "Representation": "8"
    }, 
    "37": {
        "Buffer": 21.603039979934692, 
        "Freezing": 0, 
        "QoE": 4.495446296181097, 
        "Representation": "7"
    }, 
    "38": {
        "Buffer": 22.3987820148468, 
        "Freezing": 0, 
        "QoE": 4.804991465552442, 
        "Representation": "8"
    }, 
    "39": {
        "Buffer": 15.849261045455933, 
        "Freezing": 0, 
        "QoE": 4.804991465552442, 
        "Representation": "8"
    }, 
    "40": {
        "Buffer": 18.952397108078003, 
        "Freezing": 0, 
        "QoE": 4.060461917522065, 
        "Representation": "5"
    }, 
    "41": {
        "Buffer": 16.260825157165527, 
        "Freezing": 0, 
        "QoE": 4.288489152280261, 
        "Representation": "6"
    }, 
    "42": {
        "Buffer": 19.144468069076538, 
        "Freezing": 0, 
        "QoE": 3.7142753922958525, 
        "Representation": "4"
    }, 
    "43": {
        "Buffer": 22.317501068115234, 
        "Freezing": 0, 
        "QoE": 4.495446296181097, 
        "Representation": "7"
    }, 
    "44": {
        "Buffer": 24.8831729888916, 
        "Freezing": 0, 
        "QoE": 4.804991465552442, 
        "Representation": "8"
    }, 
    "45": {
        "Buffer": 25.63772416114807, 
        "Freezing": 0, 
        "QoE": 4.9999536060530145, 
        "Representation": "9"
    }, 
    "46": {
        "Buffer": 21.942721128463745, 
        "Freezing": 0, 
        "QoE": 4.9999536060530145, 
        "Representation": "9"
    }, 
    "47": {
        "Buffer": 24.72905206680298, 
        "Freezing": 0, 
        "QoE": 4.804991465552442, 
        "Representation": "8"
    }, 
    "48": {
        "Buffer": 24.8856201171875, 
        "Freezing": 0, 
        "QoE": 4.804991465552442, 
        "Representation": "8"
    }, 
    "49": {
        "Buffer": 25.144082069396973, 
        "Freezing": 0, 
        "QoE": 4.9999536060530145, 
        "Representation": "9"
    }, 
    "50": {
        "Buffer": 23.14960813522339, 
        "Freezing": 0, 
        "QoE": 4.804991465552442, 
        "Representation": "8"
    }, 
    "51": {
        "Buffer": 22.723417043685913, 
        "Freezing": 0, 
        "QoE": 4.9999536060530145, 
        "Representation": "9"
    }, 
    "52": {
        "Buffer": 25.41202211380005, 
        "Freezing": 0, 
        "QoE": 4.804991465552442, 
        "Representation": "8"
    }, 
    "53": {
        "Buffer": 22.722480058670044, 
        "Freezing": 0, 
        "QoE": 4.9999536060530145, 
        "Representation": "9"
    },