{
    "0": {
        "Buffer": 3.908198833465576, 
        "Freezing": 0, 
        "QoE": 2.969745844265475, 
        "Representation": "1"
    }, 
    "1": {
        "Buffer": 7.492956876754761, 
        "Freezing": 0, 
        "QoE": 4.060461917522065, 
        "Representation": "3"
    }, 
    "2": {
        "Buffer": 11.392128944396973, 
        "Freezing": 0, 
        "QoE": 4.060461917522065, 
        "Representation": "3"
    }, 
    "3": {
        "Buffer": 13.684627056121826, 
        "Freezing": 0, 
        "QoE": 4.060461917522065, 
        "Representation": "3"
    }, 
    "4": {
        "Buffer": 16.85852599143982, 
        "Freezing": 0, 
        "QoE": 3.7142753922958525, 
        "Representation": "2"
    }, 
    "5": {
        "Buffer": 19.271281957626343, 
        "Freezing": 0, 
        "QoE": 4.060461917522065, 
        "Representation": "3"
    }, 
    "6": {
        "Buffer": 22.351310968399048, 
        "Freezing": 0, 
        "QoE": 4.060461917522065, 
        "Representation": "3"
    }, 
    "7": {
        "Buffer": 26.134580850601196, 
        "Freezing": 0, 
        "QoE": 4.060461917522065, 
        "Representation": "3"
    }, 
    "8": {
        "Buffer": 28.27102494239807, 
        "Freezing": 0, 
        "QoE": 4.060461917522065, 
        "Representation": "3"
    }, 
    "9": {
        "Buffer": 32.48545789718628, 
        "Freezing": 0, 
        "QoE": 2.969745844265475, 
        "Representation": "1"
    }
}