{
    "0": {
        "Buffer": 3.3987128734588623, 
        "Freezing": 0, 
        "QoE": 2.969745844265475, 
        "Representation": "1"
    }, 
    "1": {
        "Buffer": 6.994133949279785, 
        "Freezing": 0, 
        "QoE": 4.060461917522065, 
        "Representation": "3"
    }, 
    "2": {
        "Buffer": 10.638989925384521, 
        "Freezing": 0, 
        "QoE": 4.060461917522065, 
        "Representation": "3"
    }, 
    "3": {
        "Buffer": 13.636821031570435, 
        "Freezing": 0, 
        "QoE": 4.060461917522065, 
        "Representation": "3"
    }, 
    "4": {
        "Buffer": 14.353556871414185, 
        "Freezing": 0, 
        "QoE": 4.060461917522065, 
        "Representation": "3"
    }, 
    "5": {
        "Buffer": 16.987200021743774, 
        "Freezing": 0, 
        "QoE": 3.7142753922958525, 
        "Representation": "2"
    }, 
    "6": {
        "Buffer": 20.161686897277832, 
        "Freezing": 0, 
        "QoE": 4.060461917522065, 
        "Representation": "3"
    }, 
    "7": {
        "Buffer": 23.54563879966736, 
        "Freezing": 0, 
        "QoE": 4.563272856045163, 
        "Representation": "4"
    }, 
    "8": {
        "Buffer": 26.32147979736328, 
        "Freezing": 0, 
        "QoE": 4.563272856045163, 
        "Representation": "4"
    }, 
    "9": {
        "Buffer": 30.43918466567993, 
        "Freezing": 0, 
        "QoE": 4.060461917522065, 
        "Representation": "3"
    }
}