{
    "0": {
        "Buffer": 4.4393510818481445, 
        "Freezing": 0, 
        "QoE": 2.5, 
        "Representation": "1"
    }, 
    "1": {
        "Buffer": 8.490833044052124, 
        "Freezing": 0, 
        "QoE": 4.060461917522065, 
        "Representation": "5"
    }, 
    "2": {
        "Buffer": 8.20267915725708, 
        "Freezing": 0, 
        "QoE": 4.495446296181097, 
        "Representation": "7"
    }, 
    "3": {
        "Buffer": 11.516263008117676, 
        "Freezing": 0, 
        "QoE": 4.060461917522065, 
        "Representation": "5"
    }, 
    "4": {
        "Buffer": 14.87565803527832, 
        "Freezing": 0, 
        "QoE": 3.7142753922958525, 
        "Representation": "4"
    }, 
    "5": {
        "Buffer": 17.4115571975708, 
        "Freezing": 0, 
        "QoE": 4.288489152280261, 
        "Representation": "6"
    }, 
    "6": {
        "Buffer": 17.393558025360107, 
        "Freezing": 0, 
        "QoE": 4.804991465552442, 
        "Representation": "8"
    }, 
    "7": {
        "Buffer": 20.618035078048706, 
        "Freezing": 0, 
        "QoE": 4.495446296181097, 
        "Representation": "7"
    }, 
    "8": {
        "Buffer": 22.708782196044922, 
        "Freezing": 0, 
        "QoE": 4.804991465552442, 
        "Representation": "8"
    }, 
    "9": {
        "Buffer": 24.60583806037903, 
        "Freezing": 0, 
        "QoE": 4.495446296181097, 
        "Representation": "7"
    }, 
    "10": {
        "Buffer": 27.544771194458008, 
        "Freezing": 0, 
        "QoE": 4.804991465552442, 
        "Representation": "8"
    }, 
    "11": {
        "Buffer": 23.662890195846558, 
        "Freezing": 0, 
        "QoE": 4.9999536060530145, 
        "Representation": "9"
    }, 
    "12": {
        "Buffer": 26.381890058517456, 
        "Freezing": 0, 
        "QoE": 4.288489152280261, 
        "Representation": "6"
    }, 
    "13": {
        "Buffer": 22.040754079818726, 
        "Freezing": 0, 
        "QoE": 4.288489152280261, 
        "Representation": "6"
    }, 
    "14": {
        "Buffer": 24.007323026657104, 
        "Freezing": 0, 
        "QoE": 4.288489152280261, 
        "Representation": "6"
    }, 
    "15": {
        "Buffer": 22.816684007644653, 
        "Freezing": 0, 
        "QoE": 4.288489152280261, 
        "Representation": "6"
    }, 
    "16": {
        "Buffer": 24.418721199035645, 
        "Freezing": 0, 
        "QoE": 4.288489152280261, 
        "Representation": "6"
    }, 
    "17": {
        "Buffer": 27.73417615890503, 
        "Freezing": 0, 
        "QoE": 4.060461917522065, 
        "Representation": "5"
    }, 
    "18": {
        "Buffer": 26.134509086608887, 
        "Freezing": 0, 
        "QoE": 4.060461917522065, 
        "Representation": "5"
    }, 
    "19": {
        "Buffer": 24.50664520263672, 
        "Freezing": 0, 
        "QoE": 4.288489152280261, 
        "Representation": "6"
    }, 
    "20": {
        "Buffer": 26.689411163330078, 
        "Freezing": 0, 
        "QoE": 4.495446296181097, 
        "Representation": "7"
    }, 
    "21": {
        "Buffer": 24.62720513343811, 
        "Freezing": 0, 
        "QoE": 4.804991465552442, 
        "Representation": "8"
    }, 
    "22": {
        "Buffer": 22.304994106292725, 
        "Freezing": 0, 
        "QoE": 4.9999536060530145, 
        "Representation": "9"
    }, 
    "23": {
        "Buffer": 23.363213062286377, 
        "Freezing": 0, 
        "QoE": 4.495446296181097, 
        "Representation": "7"
    }, 
    "24": {
        "Buffer": 26.429453134536743, 
        "Freezing": 0, 
        "QoE": 4.804991465552442, 
        "Representation": "8"
    }, 
    "25": {
        "Buffer": 22.67195701599121, 
        "Freezing": 0, 
        "QoE": 4.9999536060530145, 
        "Representation": "9"
    }, 
    "26": {
        "Buffer": 25.535227060317993, 
        "Freezing": 0, 
        "QoE": 4.804991465552442, 
        "Representation": "8"
    }, 
    "27": {
        "Buffer": 23.55695414543152, 
        "Freezing": 0, 
        "QoE": 4.9999536060530145, 
        "Representation": "9"
    }, 
    "28": {
        "Buffer": 26.673803091049194, 
        "Freezing": 0, 
        "QoE": 4.9999536060530145, 
        "Representation": "9"
    }, 
    "29": {
        "Buffer": 24.215965032577515, 
        "Freezing": 0, 
        "QoE": 4.9999536060530145, 
        "Representation": "9"
    }, 
    "30": {
        "Buffer": 24.98569416999817, 
        "Freezing": 0, 
        "QoE": 4.9999536060530145, 
        "Representation": "9"
    }, 
    "31": {
        "Buffer": 28.1175320148468, 
        "Freezing": 0, 
        "QoE": 4.804991465552442, 
        "Representation": "8"
    }, 
    "32": {
        "Buffer": 24.710493087768555, 
        "Freezing": 0, 
        "QoE": 4.9999536060530145, 
        "Representation": "9"
    }, 
    "33": {
        "Buffer": 27.463165998458862, 
        "Freezing": 0, 
        "QoE": 4.9999536060530145, 
        "Representation": "9"
    }, 
    "34": {
        "Buffer": 26.23596501350403, 
        "Freezing": 0, 
        "QoE": 4.9999536060530145, 
        "Representation": "9"
    }, 
    "35": {
        "Buffer": 23.7673761844635, 
        "Freezing": 0, 
        "QoE": 4.9999536060530145, 
        "Representation": "9"
    }, 
    "36": {
        "Buffer": 24.76910400390625, 
        "Freezing": 0, 
        "QoE": 4.9999536060530145, 
        "Representation": "9"
    }, 
    "37": {
        "Buffer": 27.582136154174805, 
        "Freezing": 0, 
        "QoE": 4.9999536060530145, 
        "Representation": "9"
    }, 
    "38": {
        "Buffer": 25.539618015289307, 
        "Freezing": 0, 
        "QoE": 4.9999536060530145, 
        "Representation": "9"
    }, 
    "39": {
        "Buffer": 23.63879704475403, 
        "Freezing": 0, 
        "QoE": 4.9999536060530145, 
        "Representation": "9"
    }, 
    "40": {
        "Buffer": 26.728397130966187, 
        "Freezing": 0, 
        "QoE": 4.9999536060530145, 
        "Representation": "9"
    }, 
    "41": {
        "Buffer": 23.808374166488647, 
        "Freezing": 0, 
        "QoE": 4.9999536060530145, 
        "Representation": "9"
    }, 
    "42": {
        "Buffer": 25.077848196029663, 
        "Freezing": 0, 
        "QoE": 4.9999536060530145, 
        "Representation": "9"
    }, 
    "43": {
        "Buffer": 22.446417093276978, 
        "Freezing": 0, 
        "QoE": 4.9999536060530145, 
        "Representation": "9"
    }, 
    "44": {
        "Buffer": 24.619885206222534, 
        "Freezing": 0, 
        "QoE": 4.9999536060530145, 
        "Representation": "9"
    }, 
    "45": {
        "Buffer": 23.884449005126953, 
        "Freezing": 0, 
        "QoE": 4.9999536060530145, 
        "Representation": "9"
    }, 
    "46": {
        "Buffer": 26.78144407272339, 
        "Freezing": 0, 
        "QoE": 4.804991465552442, 
        "Representation": "8"
    }, 
    "47": {
        "Buffer": 24.897422075271606, 
        "Freezing": 0, 
        "QoE": 4.9999536060530145, 
        "Representation": "9"
    }, 
    "48": {
        "Buffer": 25.492788076400757, 
        "Freezing": 0, 
        "QoE": 4.9999536060530145, 
        "Representation": "9"
    }, 
    "49": {
        "Buffer": 21.868438005447388, 
        "Freezing": 0, 
        "QoE": 4.9999536060530145, 
        "Representation": "9"
    }, 
    "50": {
        "Buffer": 24.187010049819946, 
        "Freezing": 0, 
        "QoE": 4.9999536060530145, 
        "Representation": "9"
    }, 
    "51": {
        "Buffer": 26.37713623046875, 
        "Freezing": 0, 
        "QoE": 4.9999536060530145, 
        "Representation": "9"
    }, 
    "52": {
        "Buffer": 24.760078191757202, 
        "Freezing": 0, 
        "QoE": 4.9999536060530145, 
        "Representation": "9"
    }, 
    "53": {
        "Buffer": 27.511818170547485, 
        "Freezing": 0, 
        "QoE": 4.9999536060530145, 
        "Representation": "9"
    },