{
    "0": {
        "Buffer": 3.852898120880127, 
        "Freezing": 0, 
        "QoE": 2.5, 
        "Representation": "1"
    }, 
    "1": {
        "Buffer": 7.051480054855347, 
        "Freezing": 0, 
        "QoE": 3.43949168853095, 
        "Representation": "3"
    }, 
    "2": {
        "Buffer": 10.515774011611938, 
        "Freezing": 0, 
        "QoE": 3.43949168853095, 
        "Representation": "3"
    }, 
    "3": {
        "Buffer": 14.198600053787231, 
        "Freezing": 0, 
        "QoE": 3.7142753922958525, 
        "Representation": "4"
    }, 
    "4": {
        "Buffer": 15.962310075759888, 
        "Freezing": 0, 
        "QoE": 3.7142753922958525, 
        "Representation": "4"
    }, 
    "5": {
        "Buffer": 16.08607792854309, 
        "Freezing": 0, 
        "QoE": 4.060461917522065, 
        "Representation": "5"
    }, 
    "6": {
        "Buffer": 18.351073026657104, 
        "Freezing": 0, 
        "QoE": 4.060461917522065, 
        "Representation": "5"
    }, 
    "7": {
        "Buffer": 21.35658097267151, 
        "Freezing": 0, 
        "QoE": 4.288489152280261, 
        "Representation": "6"
    }, 
    "8": {
        "Buffer": 23.62595295906067, 
        "Freezing": 0, 
        "QoE": 4.288489152280261, 
        "Representation": "6"
    }, 
    "9": {
        "Buffer": 23.78454613685608, 
        "Freezing": 0, 
        "QoE": 4.060461917522065, 
        "Representation": "5"
    }, 
    "10": {
        "Buffer": 21.331233978271484, 
        "Freezing": 0, 
        "QoE": 3.7142753922958525, 
        "Representation": "4"
    }, 
    "11": {
        "Buffer": 24.279994010925293, 
        "Freezing": 0, 
        "QoE": 3.43949168853095, 
        "Representation": "3"
    }, 
    "12": {
        "Buffer": 27.35808801651001, 
        "Freezing": 0, 
        "QoE": 3.7142753922958525, 
        "Representation": "4"
    }, 
    "13": {
        "Buffer": 20.720449924468994, 
        "Freezing": 0, 
        "QoE": 4.060461917522065, 
        "Representation": "5"
    }, 
    "14": {
        "Buffer": 23.765345096588135, 
        "Freezing": 0, 
        "QoE": 3.7142753922958525, 
        "Representation": "4"
    }, 
    "15": {
        "Buffer": 19.843894958496094, 
        "Freezing": 0, 
        "QoE": 4.060461917522065, 
        "Representation": "5"
    }, 
    "16": {
        "Buffer": 23.49651598930359, 
        "Freezing": 0, 
        "QoE": 3.7142753922958525, 
        "Representation": "4"
    }, 
    "17": {
        "Buffer": 25.402857065200806, 
        "Freezing": 0, 
        "QoE": 4.060461917522065, 
        "Representation": "5"
    }, 
    "18": {
        "Buffer": 23.61898398399353, 
        "Freezing": 0, 
        "QoE": 3.7142753922958525, 
        "Representation": "4"
    }, 
    "19": {
        "Buffer": 26.46724009513855, 
        "Freezing": 0, 
        "QoE": 4.060461917522065, 
        "Representation": "5"
    }, 
    "20": {
        "Buffer": 22.858787059783936, 
        "Freezing": 0, 
        "QoE": 4.060461917522065, 
        "Representation": "5"
    }, 
    "21": {
        "Buffer": 25.30192494392395, 
        "Freezing": 0, 
        "QoE": 4.060461917522065, 
        "Representation": "5"
    }, 
    "22": {
        "Buffer": 21.321712970733643, 
        "Freezing": 0, 
        "QoE": 4.060461917522065, 
        "Representation": "5"
    }, 
    "23": {
        "Buffer": 23.73682403564453, 
        "Freezing": 0, 
        "QoE": 4.060461917522065, 
        "Representation": "5"
    }, 
    "24": {
        "Buffer": 21.4370059967041, 
        "Freezing": 0, 
        "QoE": 4.495446296181097, 
        "Representation": "7"
    }, 
    "25": {
        "Buffer": 18.71073603630066, 
        "Freezing": 0, 
        "QoE": 4.060461917522065, 
        "Representation": "5"
    }, 
    "26": {
        "Buffer": 22.216721057891846, 
        "Freezing": 0, 
        "QoE": 3.43949168853095, 
        "Representation": "3"
    }, 
    "27": {
        "Buffer": 23.29037594795227, 
        "Freezing": 0, 
        "QoE": 4.060461917522065, 
        "Representation": "5"
    }, 
    "28": {
        "Buffer": 26.134912967681885, 
        "Freezing": 0, 
        "QoE": 4.060461917522065, 
        "Representation": "5"
    }, 
    "29": {
        "Buffer": 22.515366077423096, 
        "Freezing": 0, 
        "QoE": 4.288489152280261, 
        "Representation": "6"
    }, 
    "30": {
        "Buffer": 22.872080087661743, 
        "Freezing": 0, 
        "QoE": 4.288489152280261, 
        "Representation": "6"
    }, 
    "31": {
        "Buffer": 24.978878021240234, 
        "Freezing": 0, 
        "QoE": 4.060461917522065, 
        "Representation": "5"
    }, 
    "32": {
        "Buffer": 26.834234952926636, 
        "Freezing": 0, 
        "QoE": 4.060461917522065, 
        "Representation": "5"
    }, 
    "33": {
        "Buffer": 22.367051124572754, 
        "Freezing": 0, 
        "QoE": 4.288489152280261, 
        "Representation": "6"
    }, 
    "34": {
        "Buffer": 25.157442092895508, 
        "Freezing": 0, 
        "QoE": 4.060461917522065, 
        "Representation": "5"
    }, 
    "35": {
        "Buffer": 21.854438066482544, 
        "Freezing": 0, 
        "QoE": 3.7142753922958525, 
        "Representation": "4"
    }, 
    "36": {
        "Buffer": 23.97261905670166, 
        "Freezing": 0, 
        "QoE": 4.060461917522065, 
        "Representation": "5"
    }, 
    "37": {
        "Buffer": 20.820271015167236, 
        "Freezing": 0, 
        "QoE": 4.495446296181097, 
        "Representation": "7"
    }, 
    "38": {
        "Buffer": 21.10259199142456, 
        "Freezing": 0, 
        "QoE": 4.060461917522065, 
        "Representation": "5"
    }, 
    "39": {
        "Buffer": 23.689913034439087, 
        "Freezing": 0, 
        "QoE": 3.7142753922958525, 
        "Representation": "4"
    }, 
    "40": {
        "Buffer": 25.993852138519287, 
        "Freezing": 0, 
        "QoE": 4.060461917522065, 
        "Representation": "5"
    }, 
    "41": {
        "Buffer": 23.2755229473114, 
        "Freezing": 0, 
        "QoE": 4.060461917522065, 
        "Representation": "5"
    }, 
    "42": {
        "Buffer": 23.011253118515015, 
        "Freezing": 0, 
        "QoE": 4.288489152280261, 
        "Representation": "6"
    }, 
    "43": {
        "Buffer": 21.731750965118408, 
        "Freezing": 0, 
        "QoE": 4.288489152280261, 
        "Representation": "6"
    }, 
    "44": {
        "Buffer": 22.371428966522217, 
        "Freezing": 0, 
        "QoE": 3.7142753922958525, 
        "Representation": "4"
    }, 
    "45": {
        "Buffer": 23.921935081481934, 
        "Freezing": 0, 
        "QoE": 3.43949168853095, 
        "Representation": "3"
    }, 
    "46": {
        "Buffer": 26.653682947158813, 
        "Freezing": 0, 
        "QoE": 3.7142753922958525, 
        "Representation": "4"
    }, 
    "47": {
        "Buffer": 24.50863790512085, 
        "Freezing": 0, 
        "QoE": 3.7142753922958525, 
        "Representation": "4"
    }, 
    "48": {
        "Buffer": 26.383147954940796, 
        "Freezing": 0, 
        "QoE": 3.7142753922958525, 
        "Representation": "4"
    }, 
    "49": {
        "Buffer": 17.22615909576416, 
        "Freezing": 0, 
        "QoE": 4.288489152280261, 
        "Representation": "6"
    }, 
    "50": {
        "Buffer": 14.792355060577393, 
        "Freezing": 0, 
        "QoE": 3.7142753922958525, 
        "Representation": "4"
    }, 
    "51": {
        "Buffer": 17.76483392715454, 
        "Freezing": 0, 
        "QoE": 2.969745844265475, 
        "Representation": "2"
    }, 
    "52": {
        "Buffer": 18.38162112236023, 
        "Freezing": 0, 
        "QoE": 3.7142753922958525, 
        "Representation": "4"
    }, 
    "53": {
        "Buffer": 20.52372908592224, 
        "Freezing": 0, 
        "QoE": 3.43949168853095, 
        "Representation": "3"
    },