{
    "0": {
        "Buffer": 0, 
        "Freezing": 9.500590801239014, 
        "QoE": 2.983216056611375, 
        "Representation": "6"
    }, 
    "1": {
        "Buffer": 1.0751838684082031, 
        "Freezing": 0, 
        "QoE": 4.060461917522065, 
        "Representation": "3"
    }, 
    "2": {
        "Buffer": 3.9326298236846924, 
        "Freezing": 0, 
        "QoE": 2.969745844265475, 
        "Representation": "1"
    }, 
    "3": {
        "Buffer": 7.431581974029541, 
        "Freezing": 0, 
        "QoE": 2.969745844265475, 
        "Representation": "1"
    }, 
    "4": {
        "Buffer": 9.248122930526733, 
        "Freezing": 0, 
        "QoE": 3.7142753922958525, 
        "Representation": "2"
    }, 
    "5": {
        "Buffer": 9.991940975189209, 
        "Freezing": 0, 
        "QoE": 3.7142753922958525, 
        "Representation": "2"
    }, 
    "6": {
        "Buffer": 12.403395891189575, 
        "Freezing": 0, 
        "QoE": 2.969745844265475, 
        "Representation": "1"
    }, 
    "7": {
        "Buffer": 9.312029838562012, 
        "Freezing": 0, 
        "QoE": 2.969745844265475, 
        "Representation": "1"
    }, 
    "8": {
        "Buffer": 4.65592098236084, 
        "Freezing": 0, 
        "QoE": 4.9999536060530145, 
        "Representation": "6"
    }, 
    "9": {
        "Buffer": 7.1925458908081055, 
        "Freezing": 0, 
        "QoE": 2.969745844265475, 
        "Representation": "1"
    }
}