{
    "0": {
        "Buffer": 3.749720811843872, 
        "Freezing": 0, 
        "QoE": 2.5, 
        "Representation": "1"
    }, 
    "1": {
        "Buffer": 7.035524845123291, 
        "Freezing": 0, 
        "QoE": 3.43949168853095, 
        "Representation": "3"
    }, 
    "2": {
        "Buffer": 6.67714786529541, 
        "Freezing": 0, 
        "QoE": 3.7142753922958525, 
        "Representation": "4"
    }, 
    "3": {
        "Buffer": 10.530592918395996, 
        "Freezing": 0, 
        "QoE": 2.969745844265475, 
        "Representation": "2"
    }, 
    "4": {
        "Buffer": 13.683512926101685, 
        "Freezing": 0, 
        "QoE": 3.43949168853095, 
        "Representation": "3"
    }, 
    "5": {
        "Buffer": 16.352109909057617, 
        "Freezing": 0, 
        "QoE": 3.7142753922958525, 
        "Representation": "4"
    }, 
    "6": {
        "Buffer": 15.644858837127686, 
        "Freezing": 0, 
        "QoE": 4.288489152280261, 
        "Representation": "6"
    }, 
    "7": {
        "Buffer": 17.40410280227661, 
        "Freezing": 0, 
        "QoE": 4.060461917522065, 
        "Representation": "5"
    }, 
    "8": {
        "Buffer": 20.501468896865845, 
        "Freezing": 0, 
        "QoE": 3.7142753922958525, 
        "Representation": "4"
    }, 
    "9": {
        "Buffer": 19.520747900009155, 
        "Freezing": 0, 
        "QoE": 4.060461917522065, 
        "Representation": "5"
    }, 
    "10": {
        "Buffer": 20.547032833099365, 
        "Freezing": 0, 
        "QoE": 3.7142753922958525, 
        "Representation": "4"
    }, 
    "11": {
        "Buffer": 23.20304799079895, 
        "Freezing": 0, 
        "QoE": 3.7142753922958525, 
        "Representation": "4"
    }, 
    "12": {
        "Buffer": 24.567603826522827, 
        "Freezing": 0, 
        "QoE": 3.7142753922958525, 
        "Representation": "4"
    }, 
    "13": {
        "Buffer": 25.640069007873535, 
        "Freezing": 0, 
        "QoE": 3.43949168853095, 
        "Representation": "3"
    }, 
    "14": {
        "Buffer": 23.61858296394348, 
        "Freezing": 0, 
        "QoE": 3.43949168853095, 
        "Representation": "3"
    }, 
    "15": {
        "Buffer": 24.7986319065094, 
        "Freezing": 0, 
        "QoE": 3.7142753922958525, 
        "Representation": "4"
    }, 
    "16": {
        "Buffer": 27.27894902229309, 
        "Freezing": 0, 
        "QoE": 4.060461917522065, 
        "Representation": "5"
    }, 
    "17": {
        "Buffer": 25.081219911575317, 
        "Freezing": 0, 
        "QoE": 4.060461917522065, 
        "Representation": "5"
    }, 
    "18": {
        "Buffer": 22.51147198677063, 
        "Freezing": 0, 
        "QoE": 4.060461917522065, 
        "Representation": "5"
    }, 
    "19": {
        "Buffer": 24.94242286682129, 
        "Freezing": 0, 
        "QoE": 4.060461917522065, 
        "Representation": "5"
    }, 
    "20": {
        "Buffer": 26.012331008911133, 
        "Freezing": 0, 
        "QoE": 4.060461917522065, 
        "Representation": "5"
    }, 
    "21": {
        "Buffer": 22.878960847854614, 
        "Freezing": 0, 
        "QoE": 4.060461917522065, 
        "Representation": "5"
    }, 
    "22": {
        "Buffer": 24.82602095603943, 
        "Freezing": 0, 
        "QoE": 4.060461917522065, 
        "Representation": "5"
    }, 
    "23": {
        "Buffer": 25.202800989151, 
        "Freezing": 0, 
        "QoE": 4.288489152280261, 
        "Representation": "6"
    }, 
    "24": {
        "Buffer": 18.725641012191772, 
        "Freezing": 0, 
        "QoE": 4.495446296181097, 
        "Representation": "7"
    }, 
    "25": {
        "Buffer": 19.867117881774902, 
        "Freezing": 0, 
        "QoE": 4.288489152280261, 
        "Representation": "6"
    }, 
    "26": {
        "Buffer": 21.731607913970947, 
        "Freezing": 0, 
        "QoE": 4.060461917522065, 
        "Representation": "5"
    }, 
    "27": {
        "Buffer": 23.58441185951233, 
        "Freezing": 0, 
        "QoE": 4.060461917522065, 
        "Representation": "5"
    }, 
    "28": {
        "Buffer": 25.27089786529541, 
        "Freezing": 0, 
        "QoE": 4.060461917522065, 
        "Representation": "5"
    }, 
    "29": {
        "Buffer": 21.53897500038147, 
        "Freezing": 0, 
        "QoE": 4.060461917522065, 
        "Representation": "5"
    }, 
    "30": {
        "Buffer": 21.104202032089233, 
        "Freezing": 0, 
        "QoE": 4.060461917522065, 
        "Representation": "5"
    }, 
    "31": {
        "Buffer": 23.907169818878174, 
        "Freezing": 0, 
        "QoE": 3.7142753922958525, 
        "Representation": "4"
    }, 
    "32": {
        "Buffer": 24.32452893257141, 
        "Freezing": 0, 
        "QoE": 4.060461917522065, 
        "Representation": "5"
    }, 
    "33": {
        "Buffer": 26.051111936569214, 
        "Freezing": 0, 
        "QoE": 4.060461917522065, 
        "Representation": "5"
    }, 
    "34": {
        "Buffer": 23.93179488182068, 
        "Freezing": 0, 
        "QoE": 4.060461917522065, 
        "Representation": "5"
    }, 
    "35": {
        "Buffer": 25.771754026412964, 
        "Freezing": 0, 
        "QoE": 3.7142753922958525, 
        "Representation": "4"
    }, 
    "36": {
        "Buffer": 21.59233784675598, 
        "Freezing": 0, 
        "QoE": 4.060461917522065, 
        "Representation": "5"
    }, 
    "37": {
        "Buffer": 23.969908952713013, 
        "Freezing": 0, 
        "QoE": 4.060461917522065, 
        "Representation": "5"
    }, 
    "38": {
        "Buffer": 23.998761892318726, 
        "Freezing": 0, 
        "QoE": 4.288489152280261, 
        "Representation": "6"
    }, 
    "39": {
        "Buffer": 24.29452395439148, 
        "Freezing": 0, 
        "QoE": 4.060461917522065, 
        "Representation": "5"
    }, 
    "40": {
        "Buffer": 27.02616286277771, 
        "Freezing": 0, 
        "QoE": 3.7142753922958525, 
        "Representation": "4"
    }, 
    "41": {
        "Buffer": 23.859705924987793, 
        "Freezing": 0, 
        "QoE": 3.7142753922958525, 
        "Representation": "4"
    }, 
    "42": {
        "Buffer": 23.943375825881958, 
        "Freezing": 0, 
        "QoE": 4.060461917522065, 
        "Representation": "5"
    }, 
    "43": {
        "Buffer": 26.13080382347107, 
        "Freezing": 0, 
        "QoE": 4.060461917522065, 
        "Representation": "5"
    }, 
    "44": {
        "Buffer": 21.4876708984375, 
        "Freezing": 0, 
        "QoE": 4.060461917522065, 
        "Representation": "5"
    }, 
    "45": {
        "Buffer": 20.122341871261597, 
        "Freezing": 0, 
        "QoE": 3.7142753922958525, 
        "Representation": "4"
    }, 
    "46": {
        "Buffer": 21.275516986846924, 
        "Freezing": 0, 
        "QoE": 3.43949168853095, 
        "Representation": "3"
    }, 
    "47": {
        "Buffer": 24.73253583908081, 
        "Freezing": 0, 
        "QoE": 3.43949168853095, 
        "Representation": "3"
    }, 
    "48": {
        "Buffer": 23.550271034240723, 
        "Freezing": 0, 
        "QoE": 3.7142753922958525, 
        "Representation": "4"
    }, 
    "49": {
        "Buffer": 24.710691928863525, 
        "Freezing": 0, 
        "QoE": 3.7142753922958525, 
        "Representation": "4"
    }, 
    "50": {
        "Buffer": 27.563294887542725, 
        "Freezing": 0, 
        "QoE": 3.7142753922958525, 
        "Representation": "4"
    }, 
    "51": {
        "Buffer": 23.95957899093628, 
        "Freezing": 0, 
        "QoE": 4.060461917522065, 
        "Representation": "5"
    }, 
    "52": {
        "Buffer": 25.358157873153687, 
        "Freezing": 0, 
        "QoE": 4.060461917522065, 
        "Representation": "5"
    }, 
    "53": {
        "Buffer": 22.485814809799194, 
        "Freezing": 0, 
        "QoE": 4.060461917522065, 
        "Representation": "5"
    }, 
    "54": {
        "Buffer": 23.955014944076538,