{
    "0": {
        "Buffer": 0, 
        "Freezing": 13.744852066040039, 
        "QoE": 2.795197608641915, 
        "Representation": "9"
    }, 
    "1": {
        "Buffer": 3.0892581939697266, 
        "Freezing": 0, 
        "QoE": 4.060461917522065, 
        "Representation": "5"
    }, 
    "2": {
        "Buffer": 5.8996741771698, 
        "Freezing": 0, 
        "QoE": 4.060461917522065, 
        "Representation": "5"
    }, 
    "3": {
        "Buffer": 8.43677806854248, 
        "Freezing": 0, 
        "QoE": 4.060461917522065, 
        "Representation": "5"
    }, 
    "4": {
        "Buffer": 11.931231021881104, 
        "Freezing": 0, 
        "QoE": 3.43949168853095, 
        "Representation": "3"
    }, 
    "5": {
        "Buffer": 9.755922079086304, 
        "Freezing": 0, 
        "QoE": 4.060461917522065, 
        "Representation": "5"
    }, 
    "6": {
        "Buffer": 12.017997980117798, 
        "Freezing": 0, 
        "QoE": 3.43949168853095, 
        "Representation": "3"
    }, 
    "7": {
        "Buffer": 15.527732133865356, 
        "Freezing": 0, 
        "QoE": 3.43949168853095, 
        "Representation": "3"
    }, 
    "8": {
        "Buffer": 18.742992162704468, 
        "Freezing": 0, 
        "QoE": 3.7142753922958525, 
        "Representation": "4"
    }, 
    "9": {
        "Buffer": 20.75770616531372, 
        "Freezing": 0, 
        "QoE": 3.7142753922958525, 
        "Representation": "4"
    }, 
    "10": {
        "Buffer": 23.902233123779297, 
        "Freezing": 0, 
        "QoE": 3.7142753922958525, 
        "Representation": "4"
    }, 
    "11": {
        "Buffer": 26.9486141204834, 
        "Freezing": 0, 
        "QoE": 4.060461917522065, 
        "Representation": "5"
    }, 
    "12": {
        "Buffer": 25.434625148773193, 
        "Freezing": 0, 
        "QoE": 3.7142753922958525, 
        "Representation": "4"
    }, 
    "13": {
        "Buffer": 23.705952167510986, 
        "Freezing": 0, 
        "QoE": 2.5, 
        "Representation": "1"
    }, 
    "14": {
        "Buffer": 20.197349071502686, 
        "Freezing": 0, 
        "QoE": 4.9999536060530145, 
        "Representation": "9"
    }, 
    "15": {
        "Buffer": 18.87565302848816, 
        "Freezing": 0, 
        "QoE": 3.7142753922958525, 
        "Representation": "4"
    }, 
    "16": {
        "Buffer": 21.12415909767151, 
        "Freezing": 0, 
        "QoE": 3.43949168853095, 
        "Representation": "3"
    }, 
    "17": {
        "Buffer": 23.95319414138794, 
        "Freezing": 0, 
        "QoE": 2.969745844265475, 
        "Representation": "2"
    }, 
    "18": {
        "Buffer": 25.905680179595947, 
        "Freezing": 0, 
        "QoE": 2.969745844265475, 
        "Representation": "2"
    }, 
    "19": {
        "Buffer": 25.083911180496216, 
        "Freezing": 0, 
        "QoE": 2.5, 
        "Representation": "1"
    }, 
    "20": {
        "Buffer": 19.9640691280365, 
        "Freezing": 0, 
        "QoE": 4.9999536060530145, 
        "Representation": "9"
    }, 
    "21": {
        "Buffer": 21.79553198814392, 
        "Freezing": 0, 
        "QoE": 3.7142753922958525, 
        "Representation": "4"
    }, 
    "22": {
        "Buffer": 25.057661056518555, 
        "Freezing": 0, 
        "QoE": 3.43949168853095, 
        "Representation": "3"
    }, 
    "23": {
        "Buffer": 22.148075103759766, 
        "Freezing": 0, 
        "QoE": 3.7142753922958525, 
        "Representation": "4"
    }, 
    "24": {
        "Buffer": 22.807029962539673, 
        "Freezing": 0, 
        "QoE": 2.969745844265475, 
        "Representation": "2"
    }, 
    "25": {
        "Buffer": 26.75036311149597, 
        "Freezing": 0, 
        "QoE": 2.969745844265475, 
        "Representation": "2"
    }, 
    "26": {
        "Buffer": 24.41424798965454, 
        "Freezing": 0, 
        "QoE": 3.7142753922958525, 
        "Representation": "4"
    }, 
    "27": {
        "Buffer": 28.35705018043518, 
        "Freezing": 0, 
        "QoE": 2.5, 
        "Representation": "1"
    }, 
    "28": {
        "Buffer": 25.74662208557129, 
        "Freezing": 0, 
        "QoE": 3.43949168853095, 
        "Representation": "3"
    }, 
    "29": {
        "Buffer": 24.78215718269348, 
        "Freezing": 0, 
        "QoE": 2.5, 
        "Representation": "1"
    }, 
    "30": {
        "Buffer": 16.08084797859192, 
        "Freezing": 0, 
        "QoE": 4.9999536060530145, 
        "Representation": "9"
    }, 
    "31": {
        "Buffer": 19.426905155181885, 
        "Freezing": 0, 
        "QoE": 3.7142753922958525, 
        "Representation": "4"
    }, 
    "32": {
        "Buffer": 18.20967698097229, 
        "Freezing": 0, 
        "QoE": 3.7142753922958525, 
        "Representation": "4"
    }, 
    "33": {
        "Buffer": 20.96260404586792, 
        "Freezing": 0, 
        "QoE": 2.969745844265475, 
        "Representation": "2"
    }, 
    "34": {
        "Buffer": 23.752366065979004, 
        "Freezing": 0, 
        "QoE": 3.43949168853095, 
        "Representation": "3"
    }, 
    "35": {
        "Buffer": 24.692409992218018, 
        "Freezing": 0, 
        "QoE": 2.969745844265475, 
        "Representation": "2"
    }, 
    "36": {
        "Buffer": 26.891685962677002, 
        "Freezing": 0, 
        "QoE": 2.969745844265475, 
        "Representation": "2"
    }, 
    "37": {
        "Buffer": 24.170467138290405, 
        "Freezing": 0, 
        "QoE": 3.43949168853095, 
        "Representation": "3"
    }, 
    "38": {
        "Buffer": 28.13127112388611, 
        "Freezing": 0, 
        "QoE": 2.5, 
        "Representation": "1"
    }, 
    "39": {
        "Buffer": 26.026548147201538, 
        "Freezing": 0, 
        "QoE": 3.43949168853095, 
        "Representation": "3"
    }, 
    "40": {
        "Buffer": 24.27674698829651, 
        "Freezing": 0, 
        "QoE": 2.5, 
        "Representation": "1"
    }, 
    "41": {
        "Buffer": 22.863770008087158, 
        "Freezing": 0, 
        "QoE": 4.9999536060530145, 
        "Representation": "9"
    }, 
    "42": {
        "Buffer": 24.05902409553528, 
        "Freezing": 0, 
        "QoE": 4.288489152280261, 
        "Representation": "6"
    }, 
    "43": {
        "Buffer": 26.221814155578613, 
        "Freezing": 0, 
        "QoE": 4.288489152280261, 
        "Representation": "6"
    }, 
    "44": {
        "Buffer": 21.419049978256226, 
        "Freezing": 0, 
        "QoE": 4.060461917522065, 
        "Representation": "5"
    }, 
    "45": {
        "Buffer": 25.407199144363403, 
        "Freezing": 0, 
        "QoE": 2.5, 
        "Representation": "1"
    }, 
    "46": {
        "Buffer": 23.826894998550415, 
        "Freezing": 0, 
        "QoE": 3.43949168853095, 
        "Representation": "3"
    }, 
    "47": {
        "Buffer": 28.047495126724243, 
        "Freezing": 0, 
        "QoE": 2.5, 
        "Representation": "1"
    }, 
    "48": {
        "Buffer": 24.41186499595642, 
        "Freezing": 0, 
        "QoE": 3.43949168853095, 
        "Representation": "3"
    }, 
    "49": {
        "Buffer": 26.680931091308594, 
        "Freezing": 0, 
        "QoE": 2.969745844265475, 
        "Representation": "2"
    }, 
    "50": {
        "Buffer": 24.17103409767151, 
        "Freezing": 0, 
        "QoE": 3.43949168853095, 
        "Representation": "3"
    }, 
    "51": {
        "Buffer": 28.0381441116333, 
        "Freezing": 0, 
        "QoE": 2.5, 
        "Representation": "1"
    }, 
    "52": {
        "Buffer": 25.892224073410034, 
        "Freezing": 0, 
        "QoE": 3.43949168853095, 
        "Representation": "3"
    }, 
    "53": {
        "Buffer": 25.016072988510132, 
        "Freezing": 0, 
        "QoE": 2.5, 
        "Representation": "1"
    }, 
    "54": {
        "Buffer": 5.623739004135132, 
        "Freezing": 0, 
        "QoE": 4.9999536060530145, 
        "Representation": "9"
    },