{
    "0": {
        "Buffer": 4.604186058044434, 
        "Freezing": 0, 
        "QoE": 2.5, 
        "Representation": "1"
    }, 
    "1": {
        "Buffer": 8.903259992599487, 
        "Freezing": 0, 
        "QoE": 4.060461917522065, 
        "Representation": "5"
    }, 
    "2": {
        "Buffer": 0, 
        "Freezing": 20.314416885375977, 
        "QoE": 2.1119189179187683, 
        "Representation": "7"
    }, 
    "3": {
        "Buffer": 4.657883882522583, 
        "Freezing": 0, 
        "QoE": 2.5, 
        "Representation": "1"
    }, 
    "4": {
        "Buffer": 8.56158995628357, 
        "Freezing": 0, 
        "QoE": 3.43949168853095, 
        "Representation": "3"
    }, 
    "5": {
        "Buffer": 10.682334899902344, 
        "Freezing": 0, 
        "QoE": 4.060461917522065, 
        "Representation": "5"
    }, 
    "6": {
        "Buffer": 13.68494200706482, 
        "Freezing": 0, 
        "QoE": 4.060461917522065, 
        "Representation": "5"
    }, 
    "7": {
        "Buffer": 17.408597946166992, 
        "Freezing": 0, 
        "QoE": 4.288489152280261, 
        "Representation": "6"
    }, 
    "8": {
        "Buffer": 20.546396017074585, 
        "Freezing": 0, 
        "QoE": 4.495446296181097, 
        "Representation": "7"
    }, 
    "9": {
        "Buffer": 18.74921202659607, 
        "Freezing": 0, 
        "QoE": 4.804991465552442, 
        "Representation": "8"
    }, 
    "10": {
        "Buffer": 21.34093189239502, 
        "Freezing": 0, 
        "QoE": 4.288489152280261, 
        "Representation": "6"
    }, 
    "11": {
        "Buffer": 24.96841597557068, 
        "Freezing": 0, 
        "QoE": 4.495446296181097, 
        "Representation": "7"
    }, 
    "12": {
        "Buffer": 26.78887391090393, 
        "Freezing": 0, 
        "QoE": 4.804991465552442, 
        "Representation": "8"
    }, 
    "13": {
        "Buffer": 23.78925395011902, 
        "Freezing": 0, 
        "QoE": 4.495446296181097, 
        "Representation": "7"
    }, 
    "14": {
        "Buffer": 27.437091827392578, 
        "Freezing": 0, 
        "QoE": 4.804991465552442, 
        "Representation": "8"
    }, 
    "15": {
        "Buffer": 22.170102834701538, 
        "Freezing": 0, 
        "QoE": 4.9999536060530145, 
        "Representation": "9"
    }, 
    "16": {
        "Buffer": 25.822432041168213, 
        "Freezing": 0, 
        "QoE": 4.9999536060530145, 
        "Representation": "9"
    }, 
    "17": {
        "Buffer": 24.979644060134888, 
        "Freezing": 0, 
        "QoE": 4.9999536060530145, 
        "Representation": "9"
    }, 
    "18": {
        "Buffer": 28.973620891571045, 
        "Freezing": 0, 
        "QoE": 4.9999536060530145, 
        "Representation": "9"
    }, 
    "19": {
        "Buffer": 26.776583909988403, 
        "Freezing": 0, 
        "QoE": 4.9999536060530145, 
        "Representation": "9"
    }, 
    "20": {
        "Buffer": 22.784973859786987, 
        "Freezing": 0, 
        "QoE": 4.804991465552442, 
        "Representation": "8"
    }, 
    "21": {
        "Buffer": 21.46967387199402, 
        "Freezing": 0, 
        "QoE": 4.804991465552442, 
        "Representation": "8"
    }, 
    "22": {
        "Buffer": 23.157771825790405, 
        "Freezing": 0, 
        "QoE": 4.288489152280261, 
        "Representation": "6"
    }, 
    "23": {
        "Buffer": 21.277731895446777, 
        "Freezing": 0, 
        "QoE": 4.495446296181097, 
        "Representation": "7"
    }, 
    "24": {
        "Buffer": 22.789991855621338, 
        "Freezing": 0, 
        "QoE": 4.495446296181097, 
        "Representation": "7"
    }, 
    "25": {
        "Buffer": 24.37575602531433, 
        "Freezing": 0, 
        "QoE": 4.804991465552442, 
        "Representation": "8"
    }, 
    "26": {
        "Buffer": 26.891563892364502, 
        "Freezing": 0, 
        "QoE": 4.804991465552442, 
        "Representation": "8"
    }, 
    "27": {
        "Buffer": 24.635462999343872, 
        "Freezing": 0, 
        "QoE": 4.9999536060530145, 
        "Representation": "9"
    }, 
    "28": {
        "Buffer": 26.98714303970337, 
        "Freezing": 0, 
        "QoE": 4.9999536060530145, 
        "Representation": "9"
    }, 
    "29": {
        "Buffer": 24.227560997009277, 
        "Freezing": 0, 
        "QoE": 4.9999536060530145, 
        "Representation": "9"
    }, 
    "30": {
        "Buffer": 27.717216968536377, 
        "Freezing": 0, 
        "QoE": 4.804991465552442, 
        "Representation": "8"
    }, 
    "31": {
        "Buffer": 25.898435831069946, 
        "Freezing": 0, 
        "QoE": 4.9999536060530145, 
        "Representation": "9"
    }, 
    "32": {
        "Buffer": 24.077833890914917, 
        "Freezing": 0, 
        "QoE": 4.9999536060530145, 
        "Representation": "9"
    }, 
    "33": {
        "Buffer": 25.592139959335327, 
        "Freezing": 0, 
        "QoE": 4.9999536060530145, 
        "Representation": "9"
    }, 
    "34": {
        "Buffer": 23.14121985435486, 
        "Freezing": 0, 
        "QoE": 4.9999536060530145, 
        "Representation": "9"
    }, 
    "35": {
        "Buffer": 23.82943296432495, 
        "Freezing": 0, 
        "QoE": 4.804991465552442, 
        "Representation": "8"
    }, 
    "36": {
        "Buffer": 25.8344829082489, 
        "Freezing": 0, 
        "QoE": 4.804991465552442, 
        "Representation": "8"
    }, 
    "37": {
        "Buffer": 20.64569091796875, 
        "Freezing": 0, 
        "QoE": 4.9999536060530145, 
        "Representation": "9"
    }, 
    "38": {
        "Buffer": 19.52721405029297, 
        "Freezing": 0, 
        "QoE": 4.804991465552442, 
        "Representation": "8"
    }, 
    "39": {
        "Buffer": 22.308979988098145, 
        "Freezing": 0, 
        "QoE": 4.495446296181097, 
        "Representation": "7"
    }, 
    "40": {
        "Buffer": 25.35643696784973, 
        "Freezing": 0, 
        "QoE": 4.804991465552442, 
        "Representation": "8"
    }, 
    "41": {
        "Buffer": 23.171133041381836, 
        "Freezing": 0, 
        "QoE": 4.804991465552442, 
        "Representation": "8"
    }, 
    "42": {
        "Buffer": 21.786242961883545, 
        "Freezing": 0, 
        "QoE": 4.9999536060530145, 
        "Representation": "9"
    }, 
    "43": {
        "Buffer": 24.836392879486084, 
        "Freezing": 0, 
        "QoE": 4.804991465552442, 
        "Representation": "8"
    }, 
    "44": {
        "Buffer": 26.880364894866943, 
        "Freezing": 0, 
        "QoE": 4.9999536060530145, 
        "Representation": "9"
    }, 
    "45": {
        "Buffer": 23.178310871124268, 
        "Freezing": 0, 
        "QoE": 4.804991465552442, 
        "Representation": "8"
    }, 
    "46": {
        "Buffer": 26.707955837249756, 
        "Freezing": 0, 
        "QoE": 4.9999536060530145, 
        "Representation": "9"
    }, 
    "47": {
        "Buffer": 20.444435834884644, 
        "Freezing": 0, 
        "QoE": 4.9999536060530145, 
        "Representation": "9"
    }, 
    "48": {
        "Buffer": 23.312001943588257, 
        "Freezing": 0, 
        "QoE": 4.288489152280261, 
        "Representation": "6"
    }, 
    "49": {
        "Buffer": 25.958335876464844, 
        "Freezing": 0, 
        "QoE": 4.9999536060530145, 
        "Representation": "9"
    }, 
    "50": {
        "Buffer": 21.839375019073486, 
        "Freezing": 0, 
        "QoE": 4.9999536060530145, 
        "Representation": "9"
    }, 
    "51": {
        "Buffer": 24.32979393005371, 
        "Freezing": 0, 
        "QoE": 4.804991465552442, 
        "Representation": "8"
    }, 
    "52": {
        "Buffer": 23.01263189315796, 
        "Freezing": 0, 
        "QoE": 4.9999536060530145, 
        "Representation": "9"
    }, 
    "53": {
        "Buffer": 21.925618886947632, 
        "Freezing": 0, 
        "QoE": 4.495446296181097, 
        "Representation": "7"
    },