{
    "0": {
        "Buffer": 4.8543829917907715, 
        "Freezing": 0, 
        "QoE": 2.5, 
        "Representation": "1"
    }, 
    "1": {
        "Buffer": 8.102381944656372, 
        "Freezing": 0, 
        "QoE": 4.804991465552442, 
        "Representation": "8"
    }, 
    "2": {
        "Buffer": 12.438364028930664, 
        "Freezing": 0, 
        "QoE": 4.9999536060530145, 
        "Representation": "9"
    }, 
    "3": {
        "Buffer": 16.986080169677734, 
        "Freezing": 0, 
        "QoE": 4.9999536060530145, 
        "Representation": "9"
    }, 
    "4": {
        "Buffer": 21.062047958374023, 
        "Freezing": 0, 
        "QoE": 4.9999536060530145, 
        "Representation": "9"
    }, 
    "5": {
        "Buffer": 25.21796417236328, 
        "Freezing": 0, 
        "QoE": 4.9999536060530145, 
        "Representation": "9"
    }, 
    "6": {
        "Buffer": 23.578277111053467, 
        "Freezing": 0, 
        "QoE": 4.9999536060530145, 
        "Representation": "9"
    }, 
    "7": {
        "Buffer": 28.23034405708313, 
        "Freezing": 0, 
        "QoE": 4.9999536060530145, 
        "Representation": "9"
    }, 
    "8": {
        "Buffer": 25.346248149871826, 
        "Freezing": 0, 
        "QoE": 4.9999536060530145, 
        "Representation": "9"
    }, 
    "9": {
        "Buffer": 24.678019046783447, 
        "Freezing": 0, 
        "QoE": 4.804991465552442, 
        "Representation": "8"
    }, 
    "10": {
        "Buffer": 29.082210063934326, 
        "Freezing": 0, 
        "QoE": 4.9999536060530145, 
        "Representation": "9"
    }, 
    "11": {
        "Buffer": 26.382009029388428, 
        "Freezing": 0, 
        "QoE": 4.9999536060530145, 
        "Representation": "9"
    }, 
    "12": {
        "Buffer": 25.95030403137207, 
        "Freezing": 0, 
        "QoE": 4.495446296181097, 
        "Representation": "7"
    }, 
    "13": {
        "Buffer": 22.45038414001465, 
        "Freezing": 0, 
        "QoE": 4.9999536060530145, 
        "Representation": "9"
    }, 
    "14": {
        "Buffer": 24.676249980926514, 
        "Freezing": 0, 
        "QoE": 4.9999536060530145, 
        "Representation": "9"
    }, 
    "15": {
        "Buffer": 28.60480809211731, 
        "Freezing": 0, 
        "QoE": 4.804991465552442, 
        "Representation": "8"
    }, 
    "16": {
        "Buffer": 28.102391958236694, 
        "Freezing": 0, 
        "QoE": 4.9999536060530145, 
        "Representation": "9"
    }, 
    "17": {
        "Buffer": 26.77424907684326, 
        "Freezing": 0, 
        "QoE": 4.9999536060530145, 
        "Representation": "9"
    }, 
    "18": {
        "Buffer": 26.270409107208252, 
        "Freezing": 0, 
        "QoE": 4.804991465552442, 
        "Representation": "8"
    }, 
    "19": {
        "Buffer": 6.266380071640015, 
        "Freezing": 0, 
        "QoE": 4.9999536060530145, 
        "Representation": "9"
    }, 
    "20": {
        "Buffer": 10.338361024856567, 
        "Freezing": 0, 
        "QoE": 2.969745844265475, 
        "Representation": "2"
    }, 
    "21": {
        "Buffer": 15.086352109909058, 
        "Freezing": 0, 
        "QoE": 3.7142753922958525, 
        "Representation": "4"
    }, 
    "22": {
        "Buffer": 18.11826205253601, 
        "Freezing": 0, 
        "QoE": 4.9999536060530145, 
        "Representation": "9"
    }, 
    "23": {
        "Buffer": 20.454161167144775, 
        "Freezing": 0, 
        "QoE": 4.9999536060530145, 
        "Representation": "9"
    }, 
    "24": {
        "Buffer": 16.51131796836853, 
        "Freezing": 0, 
        "QoE": 4.9999536060530145, 
        "Representation": "9"
    }, 
    "25": {
        "Buffer": 21.10220694541931, 
        "Freezing": 0, 
        "QoE": 4.288489152280261, 
        "Representation": "6"
    }, 
    "26": {
        "Buffer": 25.610300064086914, 
        "Freezing": 0, 
        "QoE": 4.9999536060530145, 
        "Representation": "9"
    }, 
    "27": {
        "Buffer": 24.58968997001648, 
        "Freezing": 0, 
        "QoE": 4.9999536060530145, 
        "Representation": "9"
    }, 
    "28": {
        "Buffer": 28.994140148162842, 
        "Freezing": 0, 
        "QoE": 4.9999536060530145, 
        "Representation": "9"
    }, 
    "29": {
        "Buffer": 27.874075174331665, 
        "Freezing": 0, 
        "QoE": 4.9999536060530145, 
        "Representation": "9"
    }, 
    "30": {
        "Buffer": 27.25438404083252, 
        "Freezing": 0, 
        "QoE": 4.9999536060530145, 
        "Representation": "9"
    }, 
    "31": {
        "Buffer": 25.31834101676941, 
        "Freezing": 0, 
        "QoE": 4.9999536060530145, 
        "Representation": "9"
    }, 
    "32": {
        "Buffer": 24.63428807258606, 
        "Freezing": 0, 
        "QoE": 4.9999536060530145, 
        "Representation": "9"
    }, 
    "33": {
        "Buffer": 28.994107961654663, 
        "Freezing": 0, 
        "QoE": 4.9999536060530145, 
        "Representation": "9"
    }, 
    "34": {
        "Buffer": 28.522346019744873, 
        "Freezing": 0, 
        "QoE": 4.9999536060530145, 
        "Representation": "9"
    }, 
    "35": {
        "Buffer": 27.401870012283325, 
        "Freezing": 0, 
        "QoE": 4.9999536060530145, 
        "Representation": "9"
    }, 
    "36": {
        "Buffer": 26.078365087509155, 
        "Freezing": 0, 
        "QoE": 4.9999536060530145, 
        "Representation": "9"
    }, 
    "37": {
        "Buffer": 25.374356985092163, 
        "Freezing": 0, 
        "QoE": 4.9999536060530145, 
        "Representation": "9"
    }, 
    "38": {
        "Buffer": 23.326138973236084, 
        "Freezing": 0, 
        "QoE": 4.9999536060530145, 
        "Representation": "9"
    }, 
    "39": {
        "Buffer": 27.642245054244995, 
        "Freezing": 0, 
        "QoE": 4.9999536060530145, 
        "Representation": "9"
    }, 
    "40": {
        "Buffer": 26.934141159057617, 
        "Freezing": 0, 
        "QoE": 4.9999536060530145, 
        "Representation": "9"
    }, 
    "41": {
        "Buffer": 23.50238609313965, 
        "Freezing": 0, 
        "QoE": 4.9999536060530145, 
        "Representation": "9"
    }, 
    "42": {
        "Buffer": 27.562265157699585, 
        "Freezing": 0, 
        "QoE": 4.804991465552442, 
        "Representation": "8"
    }, 
    "43": {
        "Buffer": 26.67824912071228, 
        "Freezing": 0, 
        "QoE": 4.9999536060530145, 
        "Representation": "9"
    }, 
    "44": {
        "Buffer": 23.32020902633667, 
        "Freezing": 0, 
        "QoE": 4.9999536060530145, 
        "Representation": "9"
    }, 
    "45": {
        "Buffer": 27.089936017990112, 
        "Freezing": 0, 
        "QoE": 4.804991465552442, 
        "Representation": "8"
    }, 
    "46": {
        "Buffer": 23.438183069229126, 
        "Freezing": 0, 
        "QoE": 4.9999536060530145, 
        "Representation": "9"
    }, 
    "47": {
        "Buffer": 27.846094131469727, 
        "Freezing": 0, 
        "QoE": 4.804991465552442, 
        "Representation": "8"
    }, 
    "48": {
        "Buffer": 26.682307958602905, 
        "Freezing": 0, 
        "QoE": 4.9999536060530145, 
        "Representation": "9"
    }, 
    "49": {
        "Buffer": 25.634294986724854, 
        "Freezing": 0, 
        "QoE": 4.9999536060530145, 
        "Representation": "9"
    }, 
    "50": {
        "Buffer": 24.602358102798462, 
        "Freezing": 0, 
        "QoE": 4.9999536060530145, 
        "Representation": "9"
    }, 
    "51": {
        "Buffer": 28.88201117515564, 
        "Freezing": 0, 
        "QoE": 4.9999536060530145, 
        "Representation": "9"
    }, 
    "52": {
        "Buffer": 28.274376153945923, 
        "Freezing": 0, 
        "QoE": 4.9999536060530145, 
        "Representation": "9"
    }, 
    "53": {
        "Buffer": 24.402070999145508, 
        "Freezing": 0, 
        "QoE": 4.9999536060530145, 
        "Representation": "9"
    },