{
    "agens-04": 48.650999999999996, 
    "agens-05": 43.64640000000001
}