{
    "0": {
        "Buffer": 4.675688028335571, 
        "Freezing": 0, 
        "QoE": 2.969745844265475, 
        "Representation": "video.1"
    }, 
    "1": {
        "Buffer": 9.045483112335205, 
        "Freezing": 0, 
        "QoE": 4.9999536060530145, 
        "Representation": "video.6"
    }, 
    "2": {
        "Buffer": 13.368993043899536, 
        "Freezing": 0, 
        "QoE": 4.9999536060530145, 
        "Representation": "video.6"
    }, 
    "3": {
        "Buffer": 17.603929042816162, 
        "Freezing": 0, 
        "QoE": 4.9999536060530145, 
        "Representation": "video.6"
    }, 
    "4": {
        "Buffer": 20.887389183044434, 
        "Freezing": 0, 
        "QoE": 4.9999536060530145, 
        "Representation": "video.6"
    }, 
    "5": {
        "Buffer": 24.47372317314148, 
        "Freezing": 0, 
        "QoE": 4.9999536060530145, 
        "Representation": "video.6"
    }, 
    "6": {
        "Buffer": 28.506452083587646, 
        "Freezing": 0, 
        "QoE": 4.9999536060530145, 
        "Representation": "video.6"
    }, 
    "7": {
        "Buffer": 27.810667991638184, 
        "Freezing": 0, 
        "QoE": 4.9999536060530145, 
        "Representation": "video.6"
    }, 
    "8": {
        "Buffer": 27.305997133255005, 
        "Freezing": 0, 
        "QoE": 4.9999536060530145, 
        "Representation": "video.6"
    }, 
    "9": {
        "Buffer": 27.08380103111267, 
        "Freezing": 0, 
        "QoE": 4.9999536060530145, 
        "Representation": "video.6"
    }, 
    "10": {
        "Buffer": 26.841992139816284, 
        "Freezing": 0, 
        "QoE": 4.9999536060530145, 
        "Representation": "video.6"
    }
}