{
    "0": {
        "Buffer": 4.431780099868774, 
        "Freezing": 0, 
        "QoE": 2.5, 
        "Representation": "1"
    }, 
    "1": {
        "Buffer": 8.246129989624023, 
        "Freezing": 0, 
        "QoE": 3.7142753922958525, 
        "Representation": "4"
    }, 
    "2": {
        "Buffer": 11.223855018615723, 
        "Freezing": 0, 
        "QoE": 4.060461917522065, 
        "Representation": "5"
    }, 
    "3": {
        "Buffer": 15.123385190963745, 
        "Freezing": 0, 
        "QoE": 4.060461917522065, 
        "Representation": "5"
    }, 
    "4": {
        "Buffer": 18.143248081207275, 
        "Freezing": 0, 
        "QoE": 4.288489152280261, 
        "Representation": "6"
    }, 
    "5": {
        "Buffer": 20.937103033065796, 
        "Freezing": 0, 
        "QoE": 4.804991465552442, 
        "Representation": "8"
    }, 
    "6": {
        "Buffer": 24.269147157669067, 
        "Freezing": 0, 
        "QoE": 4.9999536060530145, 
        "Representation": "9"
    }, 
    "7": {
        "Buffer": 28.010245084762573, 
        "Freezing": 0, 
        "QoE": 4.9999536060530145, 
        "Representation": "9"
    }, 
    "8": {
        "Buffer": 26.649224042892456, 
        "Freezing": 0, 
        "QoE": 4.9999536060530145, 
        "Representation": "9"
    }, 
    "9": {
        "Buffer": 16.749722003936768, 
        "Freezing": 0, 
        "QoE": 4.9999536060530145, 
        "Representation": "9"
    }, 
    "10": {
        "Buffer": 18.411530017852783, 
        "Freezing": 0, 
        "QoE": 4.288489152280261, 
        "Representation": "6"
    }, 
    "11": {
        "Buffer": 21.022340059280396, 
        "Freezing": 0, 
        "QoE": 4.288489152280261, 
        "Representation": "6"
    }, 
    "12": {
        "Buffer": 24.687624216079712, 
        "Freezing": 0, 
        "QoE": 4.060461917522065, 
        "Representation": "5"
    }, 
    "13": {
        "Buffer": 23.20432209968567, 
        "Freezing": 0, 
        "QoE": 4.495446296181097, 
        "Representation": "7"
    }, 
    "14": {
        "Buffer": 26.438578128814697, 
        "Freezing": 0, 
        "QoE": 4.288489152280261, 
        "Representation": "6"
    }, 
    "15": {
        "Buffer": 17.51797318458557, 
        "Freezing": 0, 
        "QoE": 4.495446296181097, 
        "Representation": "7"
    }, 
    "16": {
        "Buffer": 20.17822813987732, 
        "Freezing": 0, 
        "QoE": 4.288489152280261, 
        "Representation": "6"
    }, 
    "17": {
        "Buffer": 24.313446044921875, 
        "Freezing": 0, 
        "QoE": 4.288489152280261, 
        "Representation": "6"
    }, 
    "18": {
        "Buffer": 27.74293804168701, 
        "Freezing": 0, 
        "QoE": 4.804991465552442, 
        "Representation": "8"
    }, 
    "19": {
        "Buffer": 21.53422212600708, 
        "Freezing": 0, 
        "QoE": 4.9999536060530145, 
        "Representation": "9"
    }, 
    "20": {
        "Buffer": 24.96535301208496, 
        "Freezing": 0, 
        "QoE": 4.060461917522065, 
        "Representation": "5"
    }, 
    "21": {
        "Buffer": 27.935371160507202, 
        "Freezing": 0, 
        "QoE": 4.495446296181097, 
        "Representation": "7"
    }, 
    "22": {
        "Buffer": 19.242765188217163, 
        "Freezing": 0, 
        "QoE": 4.804991465552442, 
        "Representation": "8"
    }, 
    "23": {
        "Buffer": 21.4443781375885, 
        "Freezing": 0, 
        "QoE": 4.288489152280261, 
        "Representation": "6"
    }, 
    "24": {
        "Buffer": 23.056275129318237, 
        "Freezing": 0, 
        "QoE": 4.804991465552442, 
        "Representation": "8"
    }, 
    "25": {
        "Buffer": 23.258408069610596, 
        "Freezing": 0, 
        "QoE": 4.804991465552442, 
        "Representation": "8"
    }, 
    "26": {
        "Buffer": 26.05784320831299, 
        "Freezing": 0, 
        "QoE": 4.495446296181097, 
        "Representation": "7"
    }, 
    "27": {
        "Buffer": 19.37821912765503, 
        "Freezing": 0, 
        "QoE": 4.804991465552442, 
        "Representation": "8"
    }, 
    "28": {
        "Buffer": 20.83482813835144, 
        "Freezing": 0, 
        "QoE": 4.288489152280261, 
        "Representation": "6"
    }, 
    "29": {
        "Buffer": 24.534223079681396, 
        "Freezing": 0, 
        "QoE": 4.288489152280261, 
        "Representation": "6"
    }, 
    "30": {
        "Buffer": 27.31945013999939, 
        "Freezing": 0, 
        "QoE": 4.804991465552442, 
        "Representation": "8"
    }, 
    "31": {
        "Buffer": 20.396663188934326, 
        "Freezing": 0, 
        "QoE": 4.9999536060530145, 
        "Representation": "9"
    }, 
    "32": {
        "Buffer": 23.007565021514893, 
        "Freezing": 0, 
        "QoE": 4.060461917522065, 
        "Representation": "5"
    }, 
    "33": {
        "Buffer": 24.735799074172974, 
        "Freezing": 0, 
        "QoE": 4.288489152280261, 
        "Representation": "6"
    }, 
    "34": {
        "Buffer": 28.488903999328613, 
        "Freezing": 0, 
        "QoE": 4.288489152280261, 
        "Representation": "6"
    }, 
    "35": {
        "Buffer": 23.97374200820923, 
        "Freezing": 0, 
        "QoE": 4.288489152280261, 
        "Representation": "6"
    }, 
    "36": {
        "Buffer": 26.709517002105713, 
        "Freezing": 0, 
        "QoE": 4.288489152280261, 
        "Representation": "6"
    }, 
    "37": {
        "Buffer": 19.162166118621826, 
        "Freezing": 0, 
        "QoE": 4.804991465552442, 
        "Representation": "8"
    }, 
    "38": {
        "Buffer": 19.803876161575317, 
        "Freezing": 0, 
        "QoE": 4.288489152280261, 
        "Representation": "6"
    }, 
    "39": {
        "Buffer": 23.408935070037842, 
        "Freezing": 0, 
        "QoE": 4.060461917522065, 
        "Representation": "5"
    }, 
    "40": {
        "Buffer": 26.92457413673401, 
        "Freezing": 0, 
        "QoE": 4.495446296181097, 
        "Representation": "7"
    }, 
    "41": {
        "Buffer": 25.024567127227783, 
        "Freezing": 0, 
        "QoE": 4.804991465552442, 
        "Representation": "8"
    }, 
    "42": {
        "Buffer": 23.094078063964844, 
        "Freezing": 0, 
        "QoE": 4.9999536060530145, 
        "Representation": "9"
    }, 
    "43": {
        "Buffer": 26.184579133987427, 
        "Freezing": 0, 
        "QoE": 4.9999536060530145, 
        "Representation": "9"
    }, 
    "44": {
        "Buffer": 24.530896186828613, 
        "Freezing": 0, 
        "QoE": 4.9999536060530145, 
        "Representation": "9"
    }, 
    "45": {
        "Buffer": 27.75351119041443, 
        "Freezing": 0, 
        "QoE": 4.9999536060530145, 
        "Representation": "9"
    }, 
    "46": {
        "Buffer": 22.07321310043335, 
        "Freezing": 0, 
        "QoE": 4.9999536060530145, 
        "Representation": "9"
    }, 
    "47": {
        "Buffer": 25.70322608947754, 
        "Freezing": 0, 
        "QoE": 4.288489152280261, 
        "Representation": "6"
    }, 
    "48": {
        "Buffer": 23.434946060180664, 
        "Freezing": 0, 
        "QoE": 4.495446296181097, 
        "Representation": "7"
    }, 
    "49": {
        "Buffer": 26.53794813156128, 
        "Freezing": 0, 
        "QoE": 4.9999536060530145, 
        "Representation": "9"
    }, 
    "50": {
        "Buffer": 25.430559158325195, 
        "Freezing": 0, 
        "QoE": 4.9999536060530145, 
        "Representation": "9"
    }, 
    "51": {
        "Buffer": 23.893131017684937, 
        "Freezing": 0, 
        "QoE": 4.9999536060530145, 
        "Representation": "9"
    }, 
    "52": {
        "Buffer": 27.808226108551025, 
        "Freezing": 0, 
        "QoE": 4.9999536060530145, 
        "Representation": "9"
    }, 
    "53": {
        "Buffer": 25.839256048202515, 
        "Freezing": 0, 
        "QoE": 4.9999536060530145, 
        "Representation": "9"
    },